"Sample","ARO Term","ARO Accession","Reference Model Type","Average Percent Coverage","Resistomes & Variants: Observed Pathogen(s)","Drug Class","AMR Gene Family","Reference Length","All Mapped Reads","RPKM","TPM","Resistance Mechanism","Periodo","Fecha1","Muestra","PM2_5"
"AB1096","novA",3002522,"protein homolog model",73.38,"Streptomyces niveus","aminocoumarin antibiotic","ATP-binding cassette (ABC) antibiotic efflux pump",1848,129,506.54317128444,306315.146956335,"antibiotic efflux","NO PGE","29/09/2022",16,22.74690705
"AB1096","cmx",3002703,"protein homolog model",100,"Corynebacterium striatum","phenicol antibiotic","major facilitator superfamily (MFS) antibiotic efflux pump",1176,54,333.207800379798,201496.342516127,"antibiotic efflux","NO PGE","29/09/2022",16,22.74690705
"AB1096","arr-1",3002846,"protein homolog model",88.19,"Mycolicibacterium smegmatis","rifamycin antibiotic","rifampin ADP-ribosyltransferase (Arr)",432,10,167.975125705865,101577.374313686,"antibiotic inactivation","NO PGE","29/09/2022",16,22.74690705
"AB1096","abcA",3003942,"protein homolog model",72.4,"Aspergillus fumigatus","cephalosporin; penicillin beta-lactam; peptide antibiotic","ATP-binding cassette (ABC) antibiotic efflux pump",4359,92,153.154471118465,92615.0760432008,"antibiotic efflux","NO PGE","29/09/2022",16,22.74690705
"AB1096","Erm(51)",3007033,"protein homolog model",96.21,"Rhodococcus hoagii","macrolide antibiotic; lincosamide antibiotic; streptogramin antibiotic; streptogramin B antibiotic","Erm 23S ribosomal RNA methyltransferase",792,18,164.921032511213,99730.5129625277,"antibiotic target alteration","NO PGE","29/09/2022",16,22.74690705
"AB1096","HelR",3007208,"protein homolog model",86.72,"Streptomyces venezuelae","rifamycin antibiotic","helicase-like RNA polymerase protection protein",2169,98,327.865141626718,198265.547208123,"antibiotic target protection","NO PGE","29/09/2022",16,22.74690705
"AB1097","rphA",3000444,"protein homolog model",78.37,"Streptomyces sp.","rifamycin antibiotic","rifampin phosphotransferase",2598,53,109.124067533813,40936.5945368014,"antibiotic inactivation","PGE","11/10/2022",17,21.74228132
"AB1097","ANT(6)-Ib",3002629,"protein homolog model",86.01,"Campylobacter fetus","aminoglycoside antibiotic","ANT(6)",858,13,81.0475493004138,30404.0230436278,"antibiotic inactivation","PGE","11/10/2022",17,21.74228132
"AB1097","mel",3000616,"protein homolog model",79.39,"Streptococcus pyogenes","macrolide antibiotic; streptogramin antibiotic","msr-type ABC-F protein",1218,25,109.793478116324,41187.7159458012,"antibiotic target protection","PGE","11/10/2022",17,21.74228132
"AB1097","cmx",3002703,"protein homolog model",100,"Corynebacterium striatum","phenicol antibiotic","major facilitator superfamily (MFS) antibiotic efflux pump",1176,149,677.73945562948,254245.88657401,"antibiotic efflux","PGE","11/10/2022",17,21.74228132
"AB1097","ErmY",3002825,"protein homolog model",73.33,"Staphylococcus aureus","macrolide antibiotic; lincosamide antibiotic; streptogramin antibiotic","Erm 23S ribosomal RNA methyltransferase",735,14,101.888347691949,38222.2003977035,"antibiotic target alteration","PGE","11/10/2022",17,21.74228132
"AB1097","oleC",3003748,"protein homolog model",94.68,"Streptomyces antibioticus","macrolide antibiotic","ATP-binding cassette (ABC) antibiotic efflux pump",978,195,1066.54597085514,400102.021034243,"antibiotic efflux","PGE","11/10/2022",17,21.74228132
"AB1097","optrA",3003746,"protein homolog model",91.26,"Enterococcus faecalis","oxazolidinone antibiotic; phenicol antibiotic","Miscellaneous ABC-F subfamily ATP-binding cassette ribosomal protection proteins",1968,41,111.440380288069,41805.5316849883,"antibiotic target protection","PGE","11/10/2022",17,21.74228132
"AB1097","mphO",3004543,"protein homolog model",75.79,"Brachybacterium paraconglomeratum","macrolide antibiotic","macrolide phosphotransferase (MPH)",954,31,173.818957933592,65206.1123136924,"antibiotic inactivation","PGE","11/10/2022",17,21.74228132
"AB1097","HelR",3007208,"protein homolog model",91.29,"Streptomyces venezuelae","rifamycin antibiotic","helicase-like RNA polymerase protection protein",2169,95,234.28682992789,87889.9144691316,"antibiotic target protection","PGE","11/10/2022",17,21.74228132
"AB1235","ANT(6)-Ib",3002629,"protein homolog model",88.81,"Campylobacter fetus","aminoglycoside antibiotic","ANT(6)",858,19,140.314166964613,48775.6622233397,"antibiotic inactivation","PGE","4/11/2022",19,18.95164003
"AB1235","mel",3000616,"protein homolog model",73.73,"Streptococcus pyogenes","macrolide antibiotic; streptogramin antibiotic","msr-type ABC-F protein",1218,18,93.6397888947143,32550.8308433695,"antibiotic target protection","PGE","4/11/2022",19,18.95164003
"AB1235","cmx",3002703,"protein homolog model",100,"Corynebacterium striatum","phenicol antibiotic","major facilitator superfamily (MFS) antibiotic efflux pump",1176,108,581.904402417153,202280.163098082,"antibiotic efflux","PGE","4/11/2022",19,18.95164003
"AB1235","spd",3002631,"protein homolog model",89.53,"Staphylococcus aureus","aminoglycoside antibiotic","ANT(9)",774,19,155.542061053795,54069.1449452525,"antibiotic inactivation","PGE","4/11/2022",19,18.95164003
"AB1235","oleC",3003748,"protein homolog model",100,"Streptomyces antibioticus","macrolide antibiotic","ATP-binding cassette (ABC) antibiotic efflux pump",978,201,1302.24413983334,452682.873518066,"antibiotic efflux","PGE","4/11/2022",19,18.95164003
"AB1235","optrA",3003746,"protein homolog model",82.37,"Enterococcus faecalis","oxazolidinone antibiotic; phenicol antibiotic","Miscellaneous ABC-F subfamily ATP-binding cassette ribosomal protection proteins",1968,31,99.8094836575944,34695.5248132325,"antibiotic target protection","PGE","4/11/2022",19,18.95164003
"AB1235","Erm(51)",3007033,"protein homolog model",100,"Rhodococcus hoagii","macrolide antibiotic; lincosamide antibiotic; streptogramin antibiotic; streptogramin B antibiotic","Erm 23S ribosomal RNA methyltransferase",792,24,192.008860056838,66745.6430424648,"antibiotic target alteration","PGE","4/11/2022",19,18.95164003
"AB1235","HelR",3007208,"protein homolog model",85.75,"Streptomyces venezuelae","rifamycin antibiotic","helicase-like RNA polymerase protection protein",2169,76,222.018543578862,77177.5346936384,"antibiotic target protection","PGE","4/11/2022",19,18.95164003
"AB1235","FosXCC",3003208,"protein homolog model",87.32,"Campylobacter coli","phosphonic acid antibiotic","fosfomycin thiol transferase",426,6,89.2435546743052,31022.6228225541,"antibiotic inactivation","PGE","4/11/2022",19,18.95164003
"AB1239","tet(42)",3000572,"protein homolog model",78.09,"Micrococcus sp.","tetracycline antibiotic","major facilitator superfamily (MFS) antibiotic efflux pump",1287,21,94.5042906365513,54650.648782746,"antibiotic efflux","PGE","25/11/2022",20,18.14391186
"AB1239","aadA9",3002609,"protein homolog model",78.22,"Corynebacterium sp.","aminoglycoside antibiotic","ANT(3'')",900,12,77.2235060630105,44657.3872910439,"antibiotic inactivation","PGE","25/11/2022",20,18.14391186
"AB1239","smeF",3003057,"protein homolog model",73.59,"Stenotrophomonas maltophilia","macrolide antibiotic; fluoroquinolone antibiotic; tetracycline antibiotic; phenicol antibiotic","resistance-nodulation-cell division (RND) antibiotic efflux pump",1401,18,74.4123720093249,43031.7436423335,"antibiotic efflux","PGE","25/11/2022",20,18.14391186
"AB1239","smeE",3003056,"protein homolog model",88.06,"Stenotrophomonas maltophilia","macrolide antibiotic; fluoroquinolone antibiotic; tetracycline antibiotic; phenicol antibiotic","resistance-nodulation-cell division (RND) antibiotic efflux pump",3123,66,122.400369840507,70782.6023345076,"antibiotic efflux","PGE","25/11/2022",20,18.14391186
"AB1239","rphA",3000444,"protein homolog model",72.59,"Streptomyces sp.","rifamycin antibiotic","rifampin phosphotransferase",2598,42,93.6312717854054,54145.7929048454,"antibiotic inactivation","PGE","25/11/2022",20,18.14391186
"AB1239","mel",3000616,"protein homolog model",97.7,"Streptococcus pyogenes","macrolide antibiotic; streptogramin antibiotic","msr-type ABC-F protein",1218,32,152.164543966523,87994.8518050126,"antibiotic target protection","PGE","25/11/2022",20,18.14391186
"AB1239","cmx",3002703,"protein homolog model",100,"Corynebacterium striatum","phenicol antibiotic","major facilitator superfamily (MFS) antibiotic efflux pump",1176,89,438.322196403567,253476.241639216,"antibiotic efflux","PGE","25/11/2022",20,18.14391186
"AB1239","lmrD",3002882,"protein homolog model",95.34,"Lactococcus lactis","lincosamide antibiotic","ATP-binding cassette (ABC) antibiotic efflux pump",1995,45,130.641269655469,75548.2115825931,"antibiotic efflux","PGE","25/11/2022",20,18.14391186
"AB1239","LnuP",3004601,"protein homolog model",80.24,"Clostridium perfringens","lincosamide antibiotic","lincosamide nucleotidyltransferase (LNU)",501,10,115.604050992531,66852.3761841975,"antibiotic inactivation","PGE","25/11/2022",20,18.14391186
"AB1239","optrA",3003746,"protein homolog model",85.87,"Enterococcus faecalis","oxazolidinone antibiotic; phenicol antibiotic","Miscellaneous ABC-F subfamily ATP-binding cassette ribosomal protection proteins",1968,40,117.718759242394,68075.2855046401,"antibiotic target protection","PGE","25/11/2022",20,18.14391186
"AB1239","vanR gene in vanM cluster",3002928,"protein homolog model",73.1,"Enterococcus faecium","glycopeptide antibiotic","glycopeptide resistance gene cluster; vanR",699,6,49.7147034740411,28749.3909598995,"antibiotic target alteration","PGE","25/11/2022",20,18.14391186
"AB1239","HelR",3007208,"protein homolog model",85.62,"Streptomyces venezuelae","rifamycin antibiotic","helicase-like RNA polymerase protection protein",2169,73,194.927937157668,112724.38700713,"antibiotic target protection","PGE","25/11/2022",20,18.14391186
"AB1239","FosXCC",3003208,"protein homolog model",78.17,"Campylobacter coli","phosphonic acid antibiotic","fosfomycin thiol transferase",426,5,67.9784384357487,39311.0803618344,"antibiotic inactivation","PGE","25/11/2022",20,18.14391186
"AB1285","vgaALC",3002830,"protein homolog model",74.31,"Staphylococcus haemolyticus","lincosamide antibiotic; streptogramin antibiotic; streptogramin A antibiotic; pleuromutilin antibiotic","vga-type ABC-F protein",1569,25,86.3078067465328,27208.6969375473,"antibiotic target protection","NO PGE","19/12/2022",21,8.721964707
"AB1285","ErmQ",3000593,"protein homolog model",74.68,"Clostridium perfringens","macrolide antibiotic; lincosamide antibiotic; streptogramin antibiotic; streptogramin A antibiotic; streptogramin B antibiotic","Erm 23S ribosomal RNA methyltransferase",774,8,55.9863354151152,17649.796587085,"antibiotic target alteration","NO PGE","19/12/2022",21,8.721964707
"AB1285","aadA9",3002609,"protein homolog model",100,"Corynebacterium sp.","aminoglycoside antibiotic","ANT(3'')",900,32,192.592993827996,60715.3002595723,"antibiotic inactivation","NO PGE","19/12/2022",21,8.721964707
"AB1285","rphA",3000444,"protein homolog model",84.03,"Streptomyces sp.","rifamycin antibiotic","rifampin phosphotransferase",2598,56,116.756722586256,36807.7744067846,"antibiotic inactivation","NO PGE","19/12/2022",21,8.721964707
"AB1285","novA",3002522,"protein homolog model",84.63,"Streptomyces niveus","aminocoumarin antibiotic","ATP-binding cassette (ABC) antibiotic efflux pump",1848,100,293.110278756082,92403.5616775146,"antibiotic efflux","NO PGE","19/12/2022",21,8.721964707
"AB1285","mel",3000616,"protein homolog model",92.94,"Streptococcus pyogenes","macrolide antibiotic; streptogramin antibiotic","msr-type ABC-F protein",1218,36,160.09885570677,50471.4626542011,"antibiotic target protection","NO PGE","19/12/2022",21,8.721964707
"AB1285","cmx",3002703,"protein homolog model",100,"Corynebacterium striatum","phenicol antibiotic","major facilitator superfamily (MFS) antibiotic efflux pump",1176,153,704.720855923552,222164.563290367,"antibiotic efflux","NO PGE","19/12/2022",21,8.721964707
"AB1285","BJP-1",3000856,"protein homolog model",72.32,"Bradyrhizobium diazoefficiens","carbapenem","BJP beta-lactamase",885,7,42.8437804066517,13506.5816255404,"antibiotic inactivation","NO PGE","19/12/2022",21,8.721964707
"AB1285","oleC",3003748,"protein homolog model",73.42,"Streptomyces antibioticus","macrolide antibiotic","ATP-binding cassette (ABC) antibiotic efflux pump",978,185,1024.62721984795,323015.640759802,"antibiotic efflux","NO PGE","19/12/2022",21,8.721964707
"AB1285","optrA",3003746,"protein homolog model",89.94,"Enterococcus faecalis","oxazolidinone antibiotic; phenicol antibiotic","Miscellaneous ABC-F subfamily ATP-binding cassette ribosomal protection proteins",1968,40,110.09508031326,34707.6792642372,"antibiotic target protection","NO PGE","19/12/2022",21,8.721964707
"AB1285","rphB",3003992,"protein homolog model",72.62,"Paenibacillus sp.","rifamycin antibiotic","rifampin phosphotransferase",2655,27,55.084860522838,17365.6049471234,"antibiotic inactivation","NO PGE","19/12/2022",21,8.721964707
"AB1285","HelR",3007208,"protein homolog model",87.41,"Streptomyces venezuelae","rifamycin antibiotic","helicase-like RNA polymerase protection protein",2169,105,262.218158090503,82664.7630608803,"antibiotic target protection","NO PGE","19/12/2022",21,8.721964707
"AB1285","erm(56)",3007654,"protein homolog model",77.15,"Trueperella pyogenes","macrolide antibiotic; lincosamide antibiotic; streptogramin antibiotic; streptogramin B antibiotic","Erm 23S ribosomal RNA methyltransferase",801,10,67.6239444620774,21318.5745293442,"antibiotic target alteration","NO PGE","19/12/2022",21,8.721964707
"AB1286","aadA9",3002609,"protein homolog model",84.44,"Corynebacterium sp.","aminoglycoside antibiotic","ANT(3'')",900,13,82.537324330416,52530.1858902555,"antibiotic inactivation","PGE","16/03/2023",22,12.11253913
"AB1286","rphA",3000444,"protein homolog model",77.41,"Streptomyces sp.","rifamycin antibiotic","rifampin phosphotransferase",2598,56,123.168151425741,78389.3340696653,"antibiotic inactivation","PGE","16/03/2023",22,12.11253913
"AB1286","novA",3002522,"protein homolog model",71,"Streptomyces niveus","aminocoumarin antibiotic","ATP-binding cassette (ABC) antibiotic efflux pump",1848,116,358.678682155154,228278.030592019,"antibiotic efflux","PGE","16/03/2023",22,12.11253913
"AB1286","mel",3000616,"protein homolog model",88.92,"Streptococcus pyogenes","macrolide antibiotic; streptogramin antibiotic","msr-type ABC-F protein",1218,29,136.050534610576,86588.2185004211,"antibiotic target protection","PGE","16/03/2023",22,12.11253913
"AB1286","cmx",3002703,"protein homolog model",100,"Corynebacterium striatum","phenicol antibiotic","major facilitator superfamily (MFS) antibiotic efflux pump",1176,97,471.317923472352,299966.328376459,"antibiotic efflux","PGE","16/03/2023",22,12.11253913
"AB1286","vgaE",3002833,"protein homolog model",77.02,"Staphylococcus aureus","lincosamide antibiotic; streptogramin antibiotic; streptogramin A antibiotic; pleuromutilin antibiotic","vga-type ABC-F protein",1575,19,68.9322708693584,43871.3640402133,"antibiotic target protection","PGE","16/03/2023",22,12.11253913
"AB1286","optrA",3003746,"protein homolog model",81.1,"Enterococcus faecalis","oxazolidinone antibiotic; phenicol antibiotic","Miscellaneous ABC-F subfamily ATP-binding cassette ribosomal protection proteins",1968,34,98.7195952357227,62829.2561070129,"antibiotic target protection","PGE","16/03/2023",22,12.11253913
"AB1286","HelR",3007208,"protein homolog model",83.22,"Streptomyces venezuelae","rifamycin antibiotic","helicase-like RNA polymerase protection protein",2169,88,231.831616376527,147547.282423954,"antibiotic target protection","PGE","16/03/2023",22,12.11253913
"AB1288","rphA",3000444,"protein homolog model",87.07,"Streptomyces sp.","rifamycin antibiotic","rifampin phosphotransferase",2598,70,167.297740031711,95846.8720313607,"antibiotic inactivation","PGE","16/03/2023",23,12.11253913
"AB1288","novA",3002522,"protein homolog model",77.27,"Streptomyces niveus","aminocoumarin antibiotic","ATP-binding cassette (ABC) antibiotic efflux pump",1848,79,265.433849409311,152070.220388532,"antibiotic efflux","PGE","16/03/2023",23,12.11253913
"AB1288","mel",3000616,"protein homolog model",71.43,"Streptococcus pyogenes","macrolide antibiotic; streptogramin antibiotic","msr-type ABC-F protein",1218,20,101.956258175554,58411.9571985632,"antibiotic target protection","PGE","16/03/2023",23,12.11253913
"AB1288","cmx",3002703,"protein homolog model",100,"Corynebacterium striatum","phenicol antibiotic","major facilitator superfamily (MFS) antibiotic efflux pump",1176,75,395.990824163981,226867.869476563,"antibiotic efflux","PGE","16/03/2023",23,12.11253913
"AB1288","spd",3002631,"protein homolog model",97.67,"Staphylococcus aureus","aminoglycoside antibiotic","ANT(9)",774,16,128.354235098527,73535.6732484238,"antibiotic inactivation","PGE","16/03/2023",23,12.11253913
"AB1288","LnuP",3004601,"protein homolog model",80.84,"Clostridium perfringens","lincosamide antibiotic","lincosamide nucleotidyltransferase (LNU)",501,14,173.508793853248,99405.2588971956,"antibiotic inactivation","PGE","16/03/2023",23,12.11253913
"AB1288","optrA",3003746,"protein homolog model",80.13,"Enterococcus faecalis","oxazolidinone antibiotic; phenicol antibiotic","Miscellaneous ABC-F subfamily ATP-binding cassette ribosomal protection proteins",1968,43,135.667100246099,77725.300973515,"antibiotic target protection","PGE","16/03/2023",23,12.11253913
"AB1288","Erm(51)",3007033,"protein homolog model",87.25,"Rhodococcus hoagii","macrolide antibiotic; lincosamide antibiotic; streptogramin antibiotic; streptogramin B antibiotic","Erm 23S ribosomal RNA methyltransferase",792,21,164.636185076661,94322.0354308618,"antibiotic target alteration","PGE","16/03/2023",23,12.11253913
"AB1288","HelR",3007208,"protein homolog model",81.01,"Streptomyces venezuelae","rifamycin antibiotic","helicase-like RNA polymerase protection protein",2169,59,168.89766309386,96763.4870494041,"antibiotic target protection","PGE","16/03/2023",23,12.11253913
"AB1288","FosXCC",3003208,"protein homolog model",82.86,"Campylobacter coli","phosphonic acid antibiotic","fosfomycin thiol transferase",426,3,43.7263107245861,25051.325305581,"antibiotic inactivation","PGE","16/03/2023",23,12.11253913
"AB1290","rphA",3000444,"protein homolog model",79.41,"Streptomyces sp.","rifamycin antibiotic","rifampin phosphotransferase",2598,79,241.76318342596,104785.953262795,"antibiotic inactivation","PGE","28/03/2023",24,20.51242904
"AB1290","cmx",3002703,"protein homolog model",99.57,"Corynebacterium striatum","phenicol antibiotic","major facilitator superfamily (MFS) antibiotic efflux pump",1176,30,202.822510507829,87908.1330976304,"antibiotic efflux","PGE","28/03/2023",24,20.51242904
"AB1290","spd",3002631,"protein homolog model",75.58,"Staphylococcus aureus","aminoglycoside antibiotic","ANT(9)",774,15,154.082217285017,66782.9228183549,"antibiotic inactivation","PGE","28/03/2023",24,20.51242904
"AB1290","oleC",3003748,"protein homolog model",93.56,"Streptomyces antibioticus","macrolide antibiotic","ATP-binding cassette (ABC) antibiotic efflux pump",978,164,1333.23655986987,577856.65241109,"antibiotic efflux","PGE","28/03/2023",24,20.51242904
"AB1290","Erm(51)",3007033,"protein homolog model",71.46,"Rhodococcus hoagii","macrolide antibiotic; lincosamide antibiotic; streptogramin antibiotic; streptogramin B antibiotic","Erm 23S ribosomal RNA methyltransferase",792,10,100.386899140238,43510.0860786251,"antibiotic target alteration","PGE","28/03/2023",24,20.51242904
"AB1290","HelR",3007208,"protein homolog model",89.4,"Streptomyces venezuelae","rifamycin antibiotic","helicase-like RNA polymerase protection protein",2169,75,274.918478973267,119156.252331505,"antibiotic target protection","PGE","28/03/2023",24,20.51242904
"AB1292","aadA9",3002609,"protein homolog model",71.56,"Corynebacterium sp.","aminoglycoside antibiotic","ANT(3'')",900,14,79.5827137250622,60419.8301471041,"antibiotic inactivation","NO PGE","3/03/2023",25,16.31848798
"AB1292","novA",3002522,"protein homolog model",70.73,"Streptomyces niveus","aminocoumarin antibiotic","ATP-binding cassette (ABC) antibiotic efflux pump",1848,93,257.462629050236,195467.678699467,"antibiotic efflux","NO PGE","3/03/2023",25,16.31848798
"AB1292","mel",3000616,"protein homolog model",96.63,"Streptococcus pyogenes","macrolide antibiotic; streptogramin antibiotic","msr-type ABC-F protein",1218,31,130.210984807016,98857.2168135235,"antibiotic target protection","NO PGE","3/03/2023",25,16.31848798
"AB1292","cmx",3002703,"protein homolog model",100,"Corynebacterium striatum","phenicol antibiotic","major facilitator superfamily (MFS) antibiotic efflux pump",1176,99,430.686333388183,326980.494782979,"antibiotic efflux","NO PGE","3/03/2023",25,16.31848798
"AB1292","lmrD",3002882,"protein homolog model",87.52,"Lactococcus lactis","lincosamide antibiotic","ATP-binding cassette (ABC) antibiotic efflux pump",1995,33,84.626086560485,64248.7989749012,"antibiotic efflux","NO PGE","3/03/2023",25,16.31848798
"AB1292","optrA",3003746,"protein homolog model",71.65,"Enterococcus faecalis","oxazolidinone antibiotic; phenicol antibiotic","Miscellaneous ABC-F subfamily ATP-binding cassette ribosomal protection proteins",1968,35,90.9863342893241,69077.5497108659,"antibiotic target protection","NO PGE","3/03/2023",25,16.31848798
"AB1292","vga(E) Staphylococcus cohnii",3004715,"protein homolog model",70.35,"Staphylococcus cohnii","lincosamide antibiotic; streptogramin antibiotic; streptogramin A antibiotic; pleuromutilin antibiotic","vga-type ABC-F protein",1575,14,45.4758364143213,34525.6172269166,"antibiotic target protection","NO PGE","3/03/2023",25,16.31848798
"AB1292","HelR",3007208,"protein homolog model",71.55,"Streptomyces venezuelae","rifamycin antibiotic","helicase-like RNA polymerase protection protein",2169,84,198.131237489781,150422.813644242,"antibiotic target protection","NO PGE","3/03/2023",25,16.31848798
"AB1293","rphA",3000444,"protein homolog model",74.83,"Streptomyces sp.","rifamycin antibiotic","rifampin phosphotransferase",2598,47,113.507586315757,87003.6249611951,"antibiotic inactivation","NO PGE","9/03/2023",26,20.82735834
"AB1293","LnuP",3004601,"protein homolog model",70.26,"Clostridium perfringens","lincosamide antibiotic","lincosamide nucleotidyltransferase (LNU)",501,7,87.6650513754772,67195.3082577099,"antibiotic inactivation","NO PGE","9/03/2023",26,20.82735834
"AB1293","oleC",3003748,"protein homolog model",93.97,"Streptomyces antibioticus","macrolide antibiotic","ATP-binding cassette (ABC) antibiotic efflux pump",978,172,1103.45790346591,845801.066781095,"antibiotic efflux","NO PGE","9/03/2023",26,20.82735834
"AB1409","aadA9",3002609,"protein homolog model",99.56,"Corynebacterium sp.","aminoglycoside antibiotic","ANT(3'')",900,19,142.591579441897,37913.9973144222,"antibiotic inactivation","NO PGE","15/03/2023",27,12.11253913
"AB1409","rphA",3000444,"protein homolog model",76.14,"Streptomyces sp.","rifamycin antibiotic","rifampin phosphotransferase",2598,68,176.787906929299,47006.5361136631,"antibiotic inactivation","NO PGE","15/03/2023",27,12.11253913
"AB1409","novA",3002522,"protein homolog model",80.36,"Streptomyces niveus","aminocoumarin antibiotic","ATP-binding cassette (ABC) antibiotic efflux pump",1848,159,581.136221751407,154519.623367903,"antibiotic efflux","NO PGE","15/03/2023",27,12.11253913
"AB1409","mel",3000616,"protein homolog model",89.98,"Streptococcus pyogenes","macrolide antibiotic; streptogramin antibiotic","msr-type ABC-F protein",1218,17,94.272369089146,25066.2932724337,"antibiotic target protection","NO PGE","15/03/2023",27,12.11253913
"AB1409","cmx",3002703,"protein homolog model",100,"Corynebacterium striatum","phenicol antibiotic","major facilitator superfamily (MFS) antibiotic efflux pump",1176,109,626.039829182333,166459.145029754,"antibiotic efflux","NO PGE","15/03/2023",27,12.11253913
"AB1409","oleC",3003748,"protein homolog model",97.44,"Streptomyces antibioticus","macrolide antibiotic","ATP-binding cassette (ABC) antibiotic efflux pump",978,213,1471.03679792334,391137.298739358,"antibiotic efflux","NO PGE","15/03/2023",27,12.11253913
"AB1409","Erm(51)",3007033,"protein homolog model",100,"Rhodococcus hoagii","macrolide antibiotic; lincosamide antibiotic; streptogramin antibiotic; streptogramin B antibiotic","Erm 23S ribosomal RNA methyltransferase",792,35,298.48715792263,79365.4250002858,"antibiotic target alteration","NO PGE","15/03/2023",27,12.11253913
"AB1409","HelR",3007208,"protein homolog model",87.69,"Streptomyces venezuelae","rifamycin antibiotic","helicase-like RNA polymerase protection protein",2169,119,370.569948757058,98531.6811621805,"antibiotic target protection","NO PGE","15/03/2023",27,12.11253913
"AB1410","cmx",3002703,"protein homolog model",97.28,"Corynebacterium striatum","phenicol antibiotic","major facilitator superfamily (MFS) antibiotic efflux pump",1176,35,271.542793189099,1e+06,"antibiotic efflux","NO PGE","2/06/2023",28,19.86328751
"AB1413","aadA9",3002609,"protein homolog model",86.44,"Corynebacterium sp.","aminoglycoside antibiotic","ANT(3'')",900,14,142.684029274686,58061.9789073256,"antibiotic inactivation","NO PGE","14/03/2023",29,24.18891517
"AB1413","rphA",3000444,"protein homolog model",73.17,"Streptomyces sp.","rifamycin antibiotic","rifampin phosphotransferase",2598,39,137.694089616779,56031.4379095769,"antibiotic inactivation","NO PGE","14/03/2023",29,24.18891517
"AB1413","cmx",3002703,"protein homolog model",99.15,"Corynebacterium striatum","phenicol antibiotic","major facilitator superfamily (MFS) antibiotic efflux pump",1176,58,452.387410601228,184088.635748445,"antibiotic efflux","NO PGE","14/03/2023",29,24.18891517
"AB1413","Erm(43)",3003205,"protein homolog model",71.31,"Mammaliicoccus lentus","macrolide antibiotic; lincosamide antibiotic; streptogramin antibiotic; streptogramin B antibiotic","Erm 23S ribosomal RNA methyltransferase",732,92,1152.83349179782,469119.033326167,"antibiotic target alteration","NO PGE","14/03/2023",29,24.18891517
"AB1413","spd",3002631,"protein homolog model",80.88,"Staphylococcus aureus","aminoglycoside antibiotic","ANT(9)",774,21,248.867492920964,101270.89344301,"antibiotic inactivation","NO PGE","14/03/2023",29,24.18891517
"AB1413","FosXCC",3003208,"protein homolog model",78.87,"Campylobacter coli","phosphonic acid antibiotic","fosfomycin thiol transferase",426,15,322.97692743264,131428.020665476,"antibiotic inactivation","NO PGE","14/03/2023",29,24.18891517
"AB1414","novA",3002522,"protein homolog model",80.3,"Streptomyces niveus","aminocoumarin antibiotic","ATP-binding cassette (ABC) antibiotic efflux pump",1848,89,293.516413701689,131202.311201794,"antibiotic efflux","NO PGE","29/06/2023",30,18.94359566
"AB1414","mel",3000616,"protein homolog model",79.47,"Streptococcus pyogenes","macrolide antibiotic; streptogramin antibiotic","msr-type ABC-F protein",1218,22,110.082870384826,49207.2209389138,"antibiotic target protection","NO PGE","29/06/2023",30,18.94359566
"AB1414","cmx",3002703,"protein homolog model",100,"Corynebacterium striatum","phenicol antibiotic","major facilitator superfamily (MFS) antibiotic efflux pump",1176,111,575.254480144081,257139.682146694,"antibiotic efflux","NO PGE","29/06/2023",30,18.94359566
"AB1414","oleC",3003748,"protein homolog model",86.3,"Streptomyces antibioticus","macrolide antibiotic","ATP-binding cassette (ABC) antibiotic efflux pump",978,169,1053.15477810714,470761.887549168,"antibiotic efflux","NO PGE","29/06/2023",30,18.94359566
"AB1414","HelR",3007208,"protein homolog model",87.97,"Streptomyces venezuelae","rifamycin antibiotic","helicase-like RNA polymerase protection protein",2169,73,205.119836065979,91688.8981634306,"antibiotic target protection","NO PGE","29/06/2023",30,18.94359566
"AB1416","rphA",3000444,"protein homolog model",73.52,"Streptomyces sp.","rifamycin antibiotic","rifampin phosphotransferase",2598,47,133.225612205561,46015.7950470225,"antibiotic inactivation","NO PGE","8/07/2023",31,9.619277169
"AB1416","novA",3002522,"protein homolog model",75.97,"Streptomyces niveus","aminocoumarin antibiotic","ATP-binding cassette (ABC) antibiotic efflux pump",1848,59,235.11430747551,81207.8969374333,"antibiotic efflux","NO PGE","8/07/2023",31,9.619277169
"AB1416","cmx",3002703,"protein homolog model",100,"Corynebacterium striatum","phenicol antibiotic","major facilitator superfamily (MFS) antibiotic efflux pump",1176,108,676.30943651551,233595.597001624,"antibiotic efflux","NO PGE","8/07/2023",31,9.619277169
"AB1416","LnuP",3004601,"protein homolog model",76.05,"Clostridium perfringens","lincosamide antibiotic","lincosamide nucleotidyltransferase (LNU)",501,8,117.5929470455,40616.3113881732,"antibiotic inactivation","NO PGE","8/07/2023",31,9.619277169
"AB1416","oleC",3003748,"protein homolog model",85.89,"Streptomyces antibioticus","macrolide antibiotic","ATP-binding cassette (ABC) antibiotic efflux pump",978,119,896.060060059517,309496.915727441,"antibiotic efflux","NO PGE","8/07/2023",31,9.619277169
"AB1416","optrA",3003746,"protein homolog model",75,"Enterococcus faecalis","oxazolidinone antibiotic; phenicol antibiotic","Miscellaneous ABC-F subfamily ATP-binding cassette ribosomal protection proteins",1968,26,97.2920305014407,33604.4253139193,"antibiotic target protection","NO PGE","8/07/2023",31,9.619277169
"AB1416","Erm(51)",3007033,"protein homolog model",100,"Rhodococcus hoagii","macrolide antibiotic; lincosamide antibiotic; streptogramin antibiotic; streptogramin B antibiotic","Erm 23S ribosomal RNA methyltransferase",792,58,539.30174483083,186273.481110723,"antibiotic target alteration","NO PGE","8/07/2023",31,9.619277169
"AB1416","HelR",3007208,"protein homolog model",76.99,"Streptomyces venezuelae","rifamycin antibiotic","helicase-like RNA polymerase protection protein",2169,59,200.318690739853,69189.5774736638,"antibiotic target protection","NO PGE","8/07/2023",31,9.619277169
"AB1515","tet(42)",3000572,"protein homolog model",81.97,"Micrococcus sp.","tetracycline antibiotic","major facilitator superfamily (MFS) antibiotic efflux pump",1287,13,40.6672387733817,8772.62885570736,"antibiotic efflux","NO PGE","20/07/2023",15,21.67036849
"AB1515","carA",3002817,"protein homolog model",73.07,"Streptomyces thermotolerans","macrolide antibiotic","Miscellaneous ABC-F subfamily ATP-binding cassette ribosomal protection proteins",1656,227,551.880952267034,119050.294851637,"antibiotic target protection","NO PGE","20/07/2023",15,21.67036849
"AB1515","rphA",3000444,"protein homolog model",89.18,"Streptomyces sp.","rifamycin antibiotic","rifampin phosphotransferase",2598,145,224.702930173939,48472.3199475285,"antibiotic inactivation","NO PGE","20/07/2023",15,21.67036849
"AB1515","tet(V)",3000181,"protein homolog model",70.4,"Mycolicibacterium smegmatis","tetracycline antibiotic","major facilitator superfamily (MFS) antibiotic efflux pump",1260,18,57.5150948366399,12407.0036673575,"antibiotic efflux","NO PGE","20/07/2023",15,21.67036849
"AB1515","novA",3002522,"protein homolog model",90.64,"Streptomyces niveus","aminocoumarin antibiotic","ATP-binding cassette (ABC) antibiotic efflux pump",1848,287,625.258796140744,134879.168656501,"antibiotic efflux","NO PGE","20/07/2023",15,21.67036849
"AB1515","mel",3000616,"protein homolog model",80.79,"Streptococcus pyogenes","macrolide antibiotic; streptogramin antibiotic","msr-type ABC-F protein",1218,15,49.5819783074482,10695.6928166875,"antibiotic target protection","NO PGE","20/07/2023",15,21.67036849
"AB1515","tet(43)",3000573,"protein homolog model",70.13,"uncultured bacterium","tetracycline antibiotic","major facilitator superfamily (MFS) antibiotic efflux pump",1560,31,80.0049716637875,17258.4602295935,"antibiotic efflux","NO PGE","20/07/2023",15,21.67036849
"AB1515","oleC",3003748,"protein homolog model",100,"Streptomyces antibioticus","macrolide antibiotic","ATP-binding cassette (ABC) antibiotic efflux pump",978,521,2144.76023383666,462661.987472934,"antibiotic efflux","NO PGE","20/07/2023",15,21.67036849
"AB1515","vga(E) Staphylococcus cohnii",3004715,"protein homolog model",83.94,"Staphylococcus cohnii","lincosamide antibiotic; streptogramin antibiotic; streptogramin A antibiotic; pleuromutilin antibiotic","vga-type ABC-F protein",1575,28,71.5743402411518,15439.826786045,"antibiotic target protection","NO PGE","20/07/2023",15,21.67036849
"AB1515","Erm(51)",3007033,"protein homolog model",100,"Rhodococcus hoagii","macrolide antibiotic; lincosamide antibiotic; streptogramin antibiotic; streptogramin B antibiotic","Erm 23S ribosomal RNA methyltransferase",792,26,132.168526013491,28511.0437810489,"antibiotic target alteration","NO PGE","20/07/2023",15,21.67036849
"AB1515","HelR",3007208,"protein homolog model",87.37,"Streptomyces venezuelae","rifamycin antibiotic","helicase-like RNA polymerase protection protein",2169,174,322.975497976152,69671.4175511364,"antibiotic target protection","NO PGE","20/07/2023",15,21.67036849
"AB1515","putative nickel/cobalt transporter",3007659,"protein homolog model",71.31,"Mycobacterium tuberculosis","fluoroquinolone antibiotic; aminoglycoside antibiotic; isoniazid-like antibiotic","metal transporters with antibiotic efflux",1119,93,334.605243419594,72180.1553838227,"antibiotic efflux","NO PGE","20/07/2023",15,21.67036849
"AB1517","rphA",3000444,"protein homolog model",80.6,"Streptomyces sp.","rifamycin antibiotic","rifampin phosphotransferase",2598,59,120.570294879015,35868.8158529194,"antibiotic inactivation","NO PGE","29/07/2023",16,12.77589243
"AB1517","tet(V)",3000181,"protein homolog model",74.05,"Mycolicibacterium smegmatis","tetracycline antibiotic","major facilitator superfamily (MFS) antibiotic efflux pump",1260,10,42.1363500263226,12535.2681713592,"antibiotic efflux","NO PGE","29/07/2023",16,12.77589243
"AB1517","mel",3000616,"protein homolog model",86.86,"Streptococcus pyogenes","macrolide antibiotic; streptogramin antibiotic","msr-type ABC-F protein",1218,21,91.537587988218,27231.7894757114,"antibiotic target protection","NO PGE","29/07/2023",16,12.77589243
"AB1517","cmx",3002703,"protein homolog model",100,"Corynebacterium striatum","phenicol antibiotic","major facilitator superfamily (MFS) antibiotic efflux pump",1176,182,821.65882551329,244437.729341505,"antibiotic efflux","NO PGE","29/07/2023",16,12.77589243
"AB1517","spd",3002631,"protein homolog model",76.74,"Staphylococcus aureus","aminoglycoside antibiotic","ANT(9)",774,21,144.04752218301,42853.1260741815,"antibiotic inactivation","NO PGE","29/07/2023",16,12.77589243
"AB1517","oleC",3003748,"protein homolog model",97.34,"Streptomyces antibioticus","macrolide antibiotic","ATP-binding cassette (ABC) antibiotic efflux pump",978,279,1514.58205401364,450577.522797507,"antibiotic efflux","NO PGE","29/07/2023",16,12.77589243
"AB1517","salB",3007026,"protein homolog model",72.51,"Mammaliicoccus lentus","lincosamide antibiotic; streptogramin antibiotic; streptogramin A antibiotic; pleuromutilin antibiotic","sal-type ABC-F protein",1626,15,48.9776762298583,14570.514664126,"antibiotic target protection","NO PGE","29/07/2023",16,12.77589243
"AB1517","Erm(51)",3007033,"protein homolog model",100,"Rhodococcus hoagii","macrolide antibiotic; lincosamide antibiotic; streptogramin antibiotic; streptogramin B antibiotic","Erm 23S ribosomal RNA methyltransferase",792,35,234.622858101114,69798.6523177957,"antibiotic target alteration","NO PGE","29/07/2023",16,12.77589243
"AB1517","HelR",3007208,"protein homolog model",91.15,"Streptomyces venezuelae","rifamycin antibiotic","helicase-like RNA polymerase protection protein",2169,124,303.521591890855,90295.541682488,"antibiotic target protection","NO PGE","29/07/2023",16,12.77589243
"AB1517","erm(56)",3007654,"protein homolog model",76.03,"Trueperella pyogenes","macrolide antibiotic; lincosamide antibiotic; streptogramin antibiotic; streptogramin B antibiotic","Erm 23S ribosomal RNA methyltransferase",801,6,39.7691393506865,11831.0396224065,"antibiotic target alteration","NO PGE","29/07/2023",16,12.77589243
"AB1519","aadA9",3002609,"protein homolog model",99.22,"Corynebacterium sp.","aminoglycoside antibiotic","ANT(3'')",900,22,131.484659027408,21071.997919395,"antibiotic inactivation","NO PGE","7/08/2023",17,8.68976537
"AB1519","rphA",3000444,"protein homolog model",83.26,"Streptomyces sp.","rifamycin antibiotic","rifampin phosphotransferase",2598,117,242.23764076538,38821.4952220641,"antibiotic inactivation","NO PGE","7/08/2023",17,8.68976537
"AB1519","novA",3002522,"protein homolog model",90.91,"Streptomyces niveus","aminocoumarin antibiotic","ATP-binding cassette (ABC) antibiotic efflux pump",1848,226,657.811384449399,105422.185576666,"antibiotic efflux","NO PGE","7/08/2023",17,8.68976537
"AB1519","cmx",3002703,"protein homolog model",100,"Corynebacterium striatum","phenicol antibiotic","major facilitator superfamily (MFS) antibiotic efflux pump",1176,162,740.973379955012,118749.895510505,"antibiotic efflux","NO PGE","7/08/2023",17,8.68976537
"AB1519","otr(C)",3002894,"protein homolog model",71.31,"Streptomyces rimosus","tetracycline antibiotic","ATP-binding cassette (ABC) antibiotic efflux pump",1056,51,259.777283460659,41632.4339058295,"antibiotic efflux","NO PGE","7/08/2023",17,8.68976537
"AB1519","LnuP",3004601,"protein homolog model",78.04,"Clostridium perfringens","lincosamide antibiotic","lincosamide nucleotidyltransferase (LNU)",501,6,64.4181780754857,10323.787766715,"antibiotic inactivation","NO PGE","7/08/2023",17,8.68976537
"AB1519","oleC",3003748,"protein homolog model",97.65,"Streptomyces antibioticus","macrolide antibiotic","ATP-binding cassette (ABC) antibiotic efflux pump",978,450,2474.96220980202,396642.459442042,"antibiotic efflux","NO PGE","7/08/2023",17,8.68976537
"AB1519","vga(E) Staphylococcus cohnii",3004715,"protein homolog model",70.92,"Staphylococcus cohnii","lincosamide antibiotic; streptogramin antibiotic; streptogramin A antibiotic; pleuromutilin antibiotic","vga-type ABC-F protein",1575,24,81.9644627703322,13135.7909107917,"antibiotic target protection","NO PGE","7/08/2023",17,8.68976537
"AB1519","AST-1",3004740,"protein homolog model",77.49,"Nocardia asteroides","cephalosporin; penicillin beta-lactam","AST Beta-lactamase",933,48,276.728893597585,44349.1333001005,"antibiotic inactivation","NO PGE","7/08/2023",17,8.68976537
"AB1519","mphO",3004543,"protein homolog model",90.67,"Brachybacterium paraconglomeratum","macrolide antibiotic","macrolide phosphotransferase (MPH)",954,55,310.10532789483,49698.1083004599,"antibiotic inactivation","NO PGE","7/08/2023",17,8.68976537
"AB1519","Erm(51)",3007033,"protein homolog model",100,"Rhodococcus hoagii","macrolide antibiotic; lincosamide antibiotic; streptogramin antibiotic; streptogramin B antibiotic","Erm 23S ribosomal RNA methyltransferase",792,69,468.61784467413,75101.6454771826,"antibiotic target alteration","NO PGE","7/08/2023",17,8.68976537
"AB1519","HelR",3007208,"protein homolog model",99.63,"Streptomyces venezuelae","rifamycin antibiotic","helicase-like RNA polymerase protection protein",2169,214,530.700057183427,85051.0666682484,"antibiotic target protection","NO PGE","7/08/2023",17,8.68976537
"AB1521","aadA9",3002609,"protein homolog model",71.22,"Corynebacterium sp.","aminoglycoside antibiotic","ANT(3'')",900,10,61.8132165310794,15064.7549296647,"antibiotic inactivation","NO PGE","19/08/2023",18,13.05011372
"AB1521","rphA",3000444,"protein homolog model",91.22,"Streptomyces sp.","rifamycin antibiotic","rifampin phosphotransferase",2598,111,237.688234467084,57927.9837364706,"antibiotic inactivation","NO PGE","19/08/2023",18,13.05011372
"AB1521","novA",3002522,"protein homolog model",89.45,"Streptomyces niveus","aminocoumarin antibiotic","ATP-binding cassette (ABC) antibiotic efflux pump",1848,160,481.661427514904,117387.700750634,"antibiotic efflux","NO PGE","19/08/2023",18,13.05011372
"AB1521","cmx",3002703,"protein homolog model",100,"Corynebacterium striatum","phenicol antibiotic","major facilitator superfamily (MFS) antibiotic efflux pump",1176,113,534.558173572345,130279.385743784,"antibiotic efflux","NO PGE","19/08/2023",18,13.05011372
"AB1521","vanJ",3002914,"protein homolog model",94.76,"Streptomyces coelicolor","glycopeptide antibiotic","vanJ membrane protein",993,17,95.240907646074,23211.5559339245,"antibiotic target alteration","NO PGE","19/08/2023",18,13.05011372
"AB1521","oleC",3003748,"protein homolog model",78.43,"Streptomyces antibioticus","macrolide antibiotic","ATP-binding cassette (ABC) antibiotic efflux pump",978,283,1609.79818511921,392330.580836974,"antibiotic efflux","NO PGE","19/08/2023",18,13.05011372
"AB1521","mphH",3004539,"protein homolog model",71.13,"Brachybacterium faecium","macrolide antibiotic","macrolide phosphotransferase (MPH)",897,25,155.049874241838,37787.8468135403,"antibiotic inactivation","NO PGE","19/08/2023",18,13.05011372
"AB1521","mphO",3004543,"protein homolog model",90.67,"Brachybacterium paraconglomeratum","macrolide antibiotic","macrolide phosphotransferase (MPH)",954,46,268.246034002797,65375.3515815639,"antibiotic inactivation","NO PGE","19/08/2023",18,13.05011372
"AB1521","Erm(51)",3007033,"protein homolog model",100,"Rhodococcus hoagii","macrolide antibiotic; lincosamide antibiotic; streptogramin antibiotic; streptogramin B antibiotic","Erm 23S ribosomal RNA methyltransferase",792,46,323.114540957915,78747.5825868838,"antibiotic target alteration","NO PGE","19/08/2023",18,13.05011372
"AB1521","HelR",3007208,"protein homolog model",97.46,"Streptomyces venezuelae","rifamycin antibiotic","helicase-like RNA polymerase protection protein",2169,131,335.997152098398,81887.2570865593,"antibiotic target protection","NO PGE","19/08/2023",18,13.05011372
"AB1523","aadA9",3002609,"protein homolog model",92,"Corynebacterium sp.","aminoglycoside antibiotic","ANT(3'')",900,17,105.005358361669,35085.0629107061,"antibiotic inactivation","NO PGE","28/08/2023",23,15.95225734
"AB1523","Erm(36)",3000605,"protein homolog model",88.53,"Micrococcus luteus","macrolide antibiotic; lincosamide antibiotic; streptogramin antibiotic; streptogramin A antibiotic; streptogramin B antibiotic","Erm 23S ribosomal RNA methyltransferase",846,16,105.136779335839,35128.9741283666,"antibiotic target alteration","NO PGE","28/08/2023",23,15.95225734
"AB1523","tet(39)",3000566,"protein homolog model",71.04,"Acinetobacter sp.","tetracycline antibiotic","major facilitator superfamily (MFS) antibiotic efflux pump",1188,9,42.1144485407765,14071.5492957378,"antibiotic efflux","NO PGE","28/08/2023",23,15.95225734
"AB1523","novA",3002522,"protein homolog model",91.45,"Streptomyces niveus","aminocoumarin antibiotic","ATP-binding cassette (ABC) antibiotic efflux pump",1848,109,327.891063638903,109557.062373958,"antibiotic efflux","NO PGE","28/08/2023",23,15.95225734
"AB1523","mel",3000616,"protein homolog model",89.57,"Streptococcus pyogenes","macrolide antibiotic; streptogramin antibiotic","msr-type ABC-F protein",1218,23,104.974930845482,35074.8962741049,"antibiotic target protection","NO PGE","28/08/2023",23,15.95225734
"AB1523","cmx",3002703,"protein homolog model",100,"Corynebacterium striatum","phenicol antibiotic","major facilitator superfamily (MFS) antibiotic efflux pump",1176,110,519.984517697342,173740.557631048,"antibiotic efflux","NO PGE","28/08/2023",23,15.95225734
"AB1523","oleC",3003748,"protein homolog model",100,"Streptomyces antibioticus","macrolide antibiotic","ATP-binding cassette (ABC) antibiotic efflux pump",978,191,1085.67431146223,362752.454850859,"antibiotic efflux","NO PGE","28/08/2023",23,15.95225734
"AB1523","vga(E) Staphylococcus cohnii",3004715,"protein homolog model",97.4,"Staphylococcus cohnii","lincosamide antibiotic; streptogramin antibiotic; streptogramin A antibiotic; pleuromutilin antibiotic","vga-type ABC-F protein",1575,36,127.065307597314,42455.8744465688,"antibiotic target protection","NO PGE","28/08/2023",23,15.95225734
"AB1523","salB",3007026,"protein homolog model",81.92,"Mammaliicoccus lentus","lincosamide antibiotic; streptogramin antibiotic; streptogramin A antibiotic; pleuromutilin antibiotic","sal-type ABC-F protein",1626,20,68.377702427829,22846.7959045189,"antibiotic target protection","NO PGE","28/08/2023",23,15.95225734
"AB1523","vanS gene in vanO cluster",3002941,"protein homolog model",74.18,"Rhodococcus hoagii","glycopeptide antibiotic","vanS; glycopeptide resistance gene cluster",1038,15,80.333919181828,26841.6836277079,"antibiotic target alteration","NO PGE","28/08/2023",23,15.95225734
"AB1523","Erm(51)",3007033,"protein homolog model",94.7,"Rhodococcus hoagii","macrolide antibiotic; lincosamide antibiotic; streptogramin antibiotic; streptogramin B antibiotic","Erm 23S ribosomal RNA methyltransferase",792,19,133.362420379125,44559.9061031696,"antibiotic target alteration","NO PGE","28/08/2023",23,15.95225734
"AB1523","HelR",3007208,"protein homolog model",88.47,"Streptomyces venezuelae","rifamycin antibiotic","helicase-like RNA polymerase protection protein",2169,96,246.046238777648,82210.5452630654,"antibiotic target protection","NO PGE","28/08/2023",23,15.95225734
"AB1523","dfrB10",3007489,"protein homolog model",70.04,"Pseudomonas putida","diaminopyrimidine antibiotic","trimethoprim resistant dihydrofolate reductase dfr",237,2,46.912297108713,15674.6371901889,"antibiotic target replacement","NO PGE","28/08/2023",23,15.95225734
"AB947","aadA9",3002609,"protein homolog model",100,"Corynebacterium sp.","aminoglycoside antibiotic","ANT(3'')",900,25,161.35236516751,62266.3112652999,"antibiotic inactivation","PGE","8/04/2022",5,17.77717276
"AB947","Erm(36)",3000605,"protein homolog model",80.26,"Micrococcus luteus","macrolide antibiotic; lincosamide antibiotic; streptogramin antibiotic; streptogramin A antibiotic; streptogramin B antibiotic","Erm 23S ribosomal RNA methyltransferase",846,32,219.713858951502,84788.1685314722,"antibiotic target alteration","PGE","8/04/2022",5,17.77717276
"AB947","tet(39)",3000566,"protein homolog model",72.05,"Acinetobacter sp.","tetracycline antibiotic","major facilitator superfamily (MFS) antibiotic efflux pump",1188,16,78.2314497781865,30189.7266740848,"antibiotic efflux","PGE","8/04/2022",5,17.77717276
"AB947","novA",3002522,"protein homolog model",72.51,"Streptomyces niveus","aminocoumarin antibiotic","ATP-binding cassette (ABC) antibiotic efflux pump",1848,110,345.755068216092,133427.809854214,"antibiotic efflux","PGE","8/04/2022",5,17.77717276
"AB947","mel",3000616,"protein homolog model",77.26,"Streptococcus pyogenes","macrolide antibiotic; streptogramin antibiotic","msr-type ABC-F protein",1218,22,104.918779320745,40488.4388523133,"antibiotic target protection","PGE","8/04/2022",5,17.77717276
"AB947","oleC",3003748,"protein homolog model",92.43,"Streptomyces antibioticus","macrolide antibiotic","ATP-binding cassette (ABC) antibiotic efflux pump",978,191,1134.41601522679,437774.188405115,"antibiotic efflux","PGE","8/04/2022",5,17.77717276
"AB947","Erm(48)",3004094,"protein homolog model",85.93,"Staphylococcus xylosus","macrolide antibiotic; lincosamide antibiotic; streptogramin antibiotic; streptogramin B antibiotic","Erm 23S ribosomal RNA methyltransferase",732,11,87.2889844348822,33685.0536353262,"antibiotic target alteration","PGE","8/04/2022",5,17.77717276
"AB947","Erm(51)",3007033,"protein homolog model",100,"Rhodococcus hoagii","macrolide antibiotic; lincosamide antibiotic; streptogramin antibiotic; streptogramin B antibiotic","Erm 23S ribosomal RNA methyltransferase",792,32,234.694349334559,90569.1800222544,"antibiotic target alteration","PGE","8/04/2022",5,17.77717276
"AB947","HelR",3007208,"protein homolog model",86.91,"Streptomyces venezuelae","rifamycin antibiotic","helicase-like RNA polymerase protection protein",2169,84,224.955994590387,86811.1227599202,"antibiotic target protection","PGE","8/04/2022",5,17.77717276
"AB948","aadA9",3002609,"protein homolog model",98.44,"Corynebacterium sp.","aminoglycoside antibiotic","ANT(3'')",900,29,193.356149358958,68230.4961914346,"antibiotic inactivation","PGE","14/04/2022",6,8.967831073
"AB948","ANT(6)-Ib",3002629,"protein homolog model",92.31,"Campylobacter fetus","aminoglycoside antibiotic","ANT(6)",858,25,174.845806630357,61698.6642676344,"antibiotic inactivation","PGE","14/04/2022",6,8.967831073
"AB948","mel",3000616,"protein homolog model",96.63,"Streptococcus pyogenes","macrolide antibiotic; streptogramin antibiotic","msr-type ABC-F protein",1218,30,147.800691713149,52155.1270360889,"antibiotic target protection","PGE","14/04/2022",6,8.967831073
"AB948","cmx",3002703,"protein homolog model",100,"Corynebacterium striatum","phenicol antibiotic","major facilitator superfamily (MFS) antibiotic efflux pump",1176,177,903.167798289994,318705.079852672,"antibiotic efflux","PGE","14/04/2022",6,8.967831073
"AB948","LnuP",3004601,"protein homolog model",91.82,"Clostridium perfringens","lincosamide antibiotic","lincosamide nucleotidyltransferase (LNU)",501,15,179.661918669277,63398.1484330902,"antibiotic inactivation","PGE","14/04/2022",6,8.967831073
"AB948","optrA",3003746,"protein homolog model",82.67,"Enterococcus faecalis","oxazolidinone antibiotic; phenicol antibiotic","Miscellaneous ABC-F subfamily ATP-binding cassette ribosomal protection proteins",1968,39,118.916471167988,41962.6159293411,"antibiotic target protection","PGE","14/04/2022",6,8.967831073
"AB948","vga(E) Staphylococcus cohnii",3004715,"protein homolog model",71.11,"Staphylococcus cohnii","lincosamide antibiotic; streptogramin antibiotic; streptogramin A antibiotic; pleuromutilin antibiotic","vga-type ABC-F protein",1575,16,60.9595741821344,21511.0923953291,"antibiotic target protection","PGE","14/04/2022",6,8.967831073
"AB948","Enterococcus faecium chloramphenicol acetyltransferase",3004456,"protein homolog model",75.46,"Enterococcus faecium","phenicol antibiotic","chloramphenicol acetyltransferase (CAT)",648,10,92.6035198079299,32677.4407047101,"antibiotic inactivation","PGE","14/04/2022",6,8.967831073
"AB948","mphO",3004543,"protein homolog model",70.86,"Brachybacterium paraconglomeratum","macrolide antibiotic","macrolide phosphotransferase (MPH)",954,26,163.54131045325,57709.5933954879,"antibiotic inactivation","PGE","14/04/2022",6,8.967831073
"AB948","Erm(51)",3007033,"protein homolog model",100,"Rhodococcus hoagii","macrolide antibiotic; lincosamide antibiotic; streptogramin antibiotic; streptogramin B antibiotic","Erm 23S ribosomal RNA methyltransferase",792,71,537.942265066066,189826.223730088,"antibiotic target alteration","PGE","14/04/2022",6,8.967831073
"AB948","HelR",3007208,"protein homolog model",81.05,"Streptomyces venezuelae","rifamycin antibiotic","helicase-like RNA polymerase protection protein",2169,74,204.726785699855,72242.9062550602,"antibiotic target protection","PGE","14/04/2022",6,8.967831073
"AB948","FosXCC",3003208,"protein homolog model",71.13,"Campylobacter coli","phosphonic acid antibiotic","fosfomycin thiol transferase",426,4,56.3446768408813,19882.611809063,"antibiotic inactivation","PGE","14/04/2022",6,8.967831073
"AB977","aadA9",3002609,"protein homolog model",74.44,"Corynebacterium sp.","aminoglycoside antibiotic","ANT(3'')",900,12,62.0744023786911,18505.42463877,"antibiotic inactivation","NO PGE","1/06/2022",7,21.65035163
"AB977","APH(6)-Ib",3002658,"protein homolog model",82.03,"Streptomyces glaucescens","aminoglycoside antibiotic","APH(6)",924,26,131.001173851134,39053.655893508,"antibiotic inactivation","NO PGE","1/06/2022",7,21.65035163
"AB977","rphA",3000444,"protein homolog model",89.8,"Streptomyces sp.","rifamycin antibiotic","rifampin phosphotransferase",2598,134,240.126152388701,71585.6495841563,"antibiotic inactivation","NO PGE","1/06/2022",7,21.65035163
"AB977","novA",3002522,"protein homolog model",90.85,"Streptomyces niveus","aminocoumarin antibiotic","ATP-binding cassette (ABC) antibiotic efflux pump",1848,201,506.369922001498,150957.400665291,"antibiotic efflux","NO PGE","1/06/2022",7,21.65035163
"AB977","EXO-1",3003564,"protein homolog model",73.12,"Streptomyces albus","penicillin beta-lactam","EXO beta-lactamase",945,12,59.1184784558963,17624.2139416857,"antibiotic inactivation","NO PGE","1/06/2022",7,21.65035163
"AB977","spd",3002631,"protein homolog model",74.81,"Staphylococcus aureus","aminoglycoside antibiotic","ANT(9)",774,12,72.1795376496408,21517.9356264767,"antibiotic inactivation","NO PGE","1/06/2022",7,21.65035163
"AB977","arr-1",3002846,"protein homolog model",89.81,"Mycolicibacterium smegmatis","rifamycin antibiotic","rifampin ADP-ribosyltransferase (Arr)",432,9,96.9912537167048,28914.7259980781,"antibiotic inactivation","NO PGE","1/06/2022",7,21.65035163
"AB977","oleC",3003748,"protein homolog model",99.08,"Streptomyces antibioticus","macrolide antibiotic","ATP-binding cassette (ABC) antibiotic efflux pump",978,341,1623.2646634305,483922.53081446,"antibiotic efflux","NO PGE","1/06/2022",7,21.65035163
"AB977","Erm(51)",3007033,"protein homolog model",100,"Rhodococcus hoagii","macrolide antibiotic; lincosamide antibiotic; streptogramin antibiotic; streptogramin B antibiotic","Erm 23S ribosomal RNA methyltransferase",792,29,170.46947622936,50819.8214511675,"antibiotic target alteration","NO PGE","1/06/2022",7,21.65035163
"AB977","HelR",3007208,"protein homolog model",89.63,"Streptomyces venezuelae","rifamycin antibiotic","helicase-like RNA polymerase protection protein",2169,183,392.794454885908,117098.641386407,"antibiotic target protection","NO PGE","1/06/2022",7,21.65035163
"AB978","Erm(36)",3000605,"protein homolog model",87.59,"Micrococcus luteus","macrolide antibiotic; lincosamide antibiotic; streptogramin antibiotic; streptogramin A antibiotic; streptogramin B antibiotic","Erm 23S ribosomal RNA methyltransferase",846,16,181.922965311588,329331.636136996,"antibiotic target alteration","NO PGE","13/06/2022",8,5.858216133
"AB978","cmx",3002703,"protein homolog model",97.79,"Corynebacterium striatum","phenicol antibiotic","major facilitator superfamily (MFS) antibiotic efflux pump",1176,38,310.823739840399,562678.222711105,"antibiotic efflux","NO PGE","13/06/2022",8,5.858216133
"AB978","vatE",3002844,"protein homolog model",71.94,"Enterococcus faecium","streptogramin antibiotic; streptogramin A antibiotic","streptogramin vat acetyltransferase",645,4,59.6538095556604,107990.141151899,"antibiotic inactivation","NO PGE","13/06/2022",8,5.858216133
"AB979","Erm(36)",3000605,"protein homolog model",71.16,"Micrococcus luteus","macrolide antibiotic; lincosamide antibiotic; streptogramin antibiotic; streptogramin A antibiotic; streptogramin B antibiotic","Erm 23S ribosomal RNA methyltransferase",846,9,78.8576989165741,36290.8107597792,"antibiotic target alteration","NO PGE","28/06/2022",9,15.95499659
"AB979","novA",3002522,"protein homolog model",80.95,"Streptomyces niveus","aminocoumarin antibiotic","ATP-binding cassette (ABC) antibiotic efflux pump",1848,86,344.959760845013,158752.659189424,"antibiotic efflux","NO PGE","28/06/2022",9,15.95499659
"AB979","cmx",3002703,"protein homolog model",100,"Corynebacterium striatum","phenicol antibiotic","major facilitator superfamily (MFS) antibiotic efflux pump",1176,113,712.267413173342,327789.959090455,"antibiotic efflux","NO PGE","28/06/2022",9,15.95499659
"AB979","oleC",3003748,"protein homolog model",78.83,"Streptomyces antibioticus","macrolide antibiotic","ATP-binding cassette (ABC) antibiotic efflux pump",978,112,848.889421465943,390664.269610384,"antibiotic efflux","NO PGE","28/06/2022",9,15.95499659
"AB979","HelR",3007208,"protein homolog model",76.86,"Streptomyces venezuelae","rifamycin antibiotic","helicase-like RNA polymerase protection protein",2169,55,187.964178607048,86502.3013499578,"antibiotic target protection","NO PGE","28/06/2022",9,15.95499659
"AB980","aadA9",3002609,"protein homolog model",81.44,"Corynebacterium sp.","aminoglycoside antibiotic","ANT(3'')",900,13,74.4125558022618,17127.415290644,"antibiotic inactivation","NO PGE","7/07/2022",10,12.34346736
"AB980","rphA",3000444,"protein homolog model",80.91,"Streptomyces sp.","rifamycin antibiotic","rifampin phosphotransferase",2598,88,174.497377258813,40163.7736430096,"antibiotic inactivation","NO PGE","7/07/2022",10,12.34346736
"AB980","novA",3002522,"protein homolog model",93.07,"Streptomyces niveus","aminocoumarin antibiotic","ATP-binding cassette (ABC) antibiotic efflux pump",1848,233,649.530176146116,149501.28981219,"antibiotic efflux","NO PGE","7/07/2022",10,12.34346736
"AB980","cmx",3002703,"protein homolog model",100,"Corynebacterium striatum","phenicol antibiotic","major facilitator superfamily (MFS) antibiotic efflux pump",1176,149,652.716099756888,150234.58859729,"antibiotic efflux","NO PGE","7/07/2022",10,12.34346736
"AB980","otr(C)",3002894,"protein homolog model",73.01,"Streptomyces rimosus","tetracycline antibiotic","ATP-binding cassette (ABC) antibiotic efflux pump",1056,34,165.867147985811,38177.3679992503,"antibiotic efflux","NO PGE","7/07/2022",10,12.34346736
"AB980","oleC",3003748,"protein homolog model",88.04,"Streptomyces antibioticus","macrolide antibiotic","ATP-binding cassette (ABC) antibiotic efflux pump",978,377,1985.85655055116,457081.328308599,"antibiotic efflux","NO PGE","7/07/2022",10,12.34346736
"AB980","sta",3004699,"protein homolog model",76.32,"Streptomyces lavendulae","nucleoside antibiotic","streptothricin acetyltransferase (SAT)",570,8,72.3036979455175,16642.0229544719,"antibiotic inactivation","NO PGE","7/07/2022",10,12.34346736
"AB980","Erm(51)",3007033,"protein homolog model",100,"Rhodococcus hoagii","macrolide antibiotic; lincosamide antibiotic; streptogramin antibiotic; streptogramin B antibiotic","Erm 23S ribosomal RNA methyltransferase",792,43,279.697543662348,64377.5225085396,"antibiotic target alteration","NO PGE","7/07/2022",10,12.34346736
"AB980","HelR",3007208,"protein homolog model",93.45,"Streptomyces venezuelae","rifamycin antibiotic","helicase-like RNA polymerase protection protein",2169,122,289.764819913053,66694.6908860061,"antibiotic target protection","NO PGE","7/07/2022",10,12.34346736
"AB981","CfxA6",3003097,"protein homolog model",73.19,"uncultured organism","cephalosporin","CfxA beta-lactamase",996,9,43.8530711621327,10766.100321127,"antibiotic inactivation","NO PGE","19/07/2022",11,11.89581197
"AB981","smeF",3003057,"protein homolog model",77.94,"Stenotrophomonas maltophilia","macrolide antibiotic; fluoroquinolone antibiotic; tetracycline antibiotic; phenicol antibiotic","resistance-nodulation-cell division (RND) antibiotic efflux pump",1401,15,51.9600985932479,12756.4072327415,"antibiotic efflux","NO PGE","19/07/2022",11,11.89581197
"AB981","rphA",3000444,"protein homolog model",82.18,"Streptomyces sp.","rifamycin antibiotic","rifampin phosphotransferase",2598,92,171.856326093942,42191.3995648581,"antibiotic inactivation","NO PGE","19/07/2022",11,11.89581197
"AB981","tet(39)",3000566,"protein homolog model",94.19,"Acinetobacter sp.","tetracycline antibiotic","major facilitator superfamily (MFS) antibiotic efflux pump",1188,26,106.21203991906,26075.470811439,"antibiotic efflux","NO PGE","19/07/2022",11,11.89581197
"AB981","novA",3002522,"protein homolog model",80.3,"Streptomyces niveus","aminocoumarin antibiotic","ATP-binding cassette (ABC) antibiotic efflux pump",1848,172,451.692960974463,110892.386857438,"antibiotic efflux","NO PGE","19/07/2022",11,11.89581197
"AB981","mel",3000616,"protein homolog model",89.49,"Streptococcus pyogenes","macrolide antibiotic; streptogramin antibiotic","msr-type ABC-F protein",1218,26,103.595979822531,25433.2178357878,"antibiotic target protection","NO PGE","19/07/2022",11,11.89581197
"AB981","cmx",3002703,"protein homolog model",100,"Corynebacterium striatum","phenicol antibiotic","major facilitator superfamily (MFS) antibiotic efflux pump",1176,171,705.676461455952,173246.328636911,"antibiotic efflux","NO PGE","19/07/2022",11,11.89581197
"AB981","vatE",3002844,"protein homolog model",71.32,"Enterococcus faecium","streptogramin antibiotic; streptogramin A antibiotic","streptogramin vat acetyltransferase",645,4,30.0965780378875,7388.82750721276,"antibiotic inactivation","NO PGE","19/07/2022",11,11.89581197
"AB981","oleC",3003748,"protein homolog model",100,"Streptomyces antibioticus","macrolide antibiotic","ATP-binding cassette (ABC) antibiotic efflux pump",978,329,1632.57779717022,400804.22831495,"antibiotic efflux","NO PGE","19/07/2022",11,11.89581197
"AB981","optrA",3003746,"protein homolog model",98.17,"Enterococcus faecalis","oxazolidinone antibiotic; phenicol antibiotic","Miscellaneous ABC-F subfamily ATP-binding cassette ribosomal protection proteins",1968,51,125.765616686523,30875.9503111997,"antibiotic target protection","NO PGE","19/07/2022",11,11.89581197
"AB981","GPC-1",3005096,"protein homolog model",71.48,"Pseudomonas aeruginosa","carbapenem","GPC beta-lactamase",894,8,43.4279481754752,10661.7309667835,"antibiotic inactivation","NO PGE","19/07/2022",11,11.89581197
"AB981","salB",3007026,"protein homolog model",81.3,"Mammaliicoccus lentus","lincosamide antibiotic; streptogramin antibiotic; streptogramin A antibiotic; pleuromutilin antibiotic","sal-type ABC-F protein",1626,24,71.6320768798428,17585.9547680894,"antibiotic target protection","NO PGE","19/07/2022",11,11.89581197
"AB981","Erm(51)",3007033,"protein homolog model",100,"Rhodococcus hoagii","macrolide antibiotic; lincosamide antibiotic; streptogramin antibiotic; streptogramin B antibiotic","Erm 23S ribosomal RNA methyltransferase",792,38,232.849472130247,57165.4552404624,"antibiotic target alteration","NO PGE","19/07/2022",11,11.89581197
"AB981","HelR",3007208,"protein homolog model",89.9,"Streptomyces venezuelae","rifamycin antibiotic","helicase-like RNA polymerase protection protein",2169,135,302.058498461163,74156.5416309994,"antibiotic target protection","NO PGE","19/07/2022",11,11.89581197
"AB984","smeF",3003057,"protein homolog model",78.09,"Stenotrophomonas maltophilia","macrolide antibiotic; fluoroquinolone antibiotic; tetracycline antibiotic; phenicol antibiotic","resistance-nodulation-cell division (RND) antibiotic efflux pump",1401,20,60.0626795504358,32888.7288535618,"antibiotic efflux","NO PGE","12/08/2022",13,14.10313368
"AB984","rphA",3000444,"protein homolog model",84.26,"Streptomyces sp.","rifamycin antibiotic","rifampin phosphotransferase",2598,138,223.487265953082,122375.693977866,"antibiotic inactivation","NO PGE","12/08/2022",13,14.10313368
"AB984","novA",3002522,"protein homolog model",83.77,"Streptomyces niveus","aminocoumarin antibiotic","ATP-binding cassette (ABC) antibiotic efflux pump",1848,242,550.967830090337,301695.357358477,"antibiotic efflux","NO PGE","12/08/2022",13,14.10313368
"AB984","lfrA",3003967,"protein homolog model",74.46,"Mycolicibacterium smegmatis","fluoroquinolone antibiotic","major facilitator superfamily (MFS) antibiotic efflux pump",1515,68,188.846579386499,103407.373611258,"antibiotic efflux","NO PGE","12/08/2022",13,14.10313368
"AB984","rphB",3003992,"protein homolog model",72.5,"Paenibacillus sp.","rifamycin antibiotic","rifampin phosphotransferase",2655,45,71.3117068221699,39048.3975625764,"antibiotic inactivation","NO PGE","12/08/2022",13,14.10313368
"AB984","Erm(51)",3007033,"protein homolog model",100,"Rhodococcus hoagii","macrolide antibiotic; lincosamide antibiotic; streptogramin antibiotic; streptogramin B antibiotic","Erm 23S ribosomal RNA methyltransferase",792,76,403.739511856831,221077.038725495,"antibiotic target alteration","NO PGE","12/08/2022",13,14.10313368
"AB984","HelR",3007208,"protein homolog model",87.18,"Streptomyces venezuelae","rifamycin antibiotic","helicase-like RNA polymerase protection protein",2169,169,327.823434174208,179507.409910765,"antibiotic target protection","NO PGE","12/08/2022",13,14.10313368
"AB985","tcr3",3002893,"protein homolog model",75.44,"Kitasatospora aureofaciens","tetracycline antibiotic","major facilitator superfamily (MFS) antibiotic efflux pump",1539,54,157.010297834404,73781.6377189113,"antibiotic efflux","NO PGE","18/08/2022",14,16.61421266
"AB985","rphA",3000444,"protein homolog model",87.91,"Streptomyces sp.","rifamycin antibiotic","rifampin phosphotransferase",2598,126,217.022316983582,101982.24058838,"antibiotic inactivation","NO PGE","18/08/2022",14,16.61421266
"AB985","tet(V)",3000181,"protein homolog model",71.19,"Mycolicibacterium smegmatis","tetracycline antibiotic","major facilitator superfamily (MFS) antibiotic efflux pump",1260,14,49.7199276475613,23364.1852776552,"antibiotic efflux","NO PGE","18/08/2022",14,16.61421266
"AB985","mel",3000616,"protein homolog model",74.38,"Streptococcus pyogenes","macrolide antibiotic; streptogramin antibiotic","msr-type ABC-F protein",1218,10,36.7388627937645,17264.1763135383,"antibiotic target protection","NO PGE","18/08/2022",14,16.61421266
"AB985","cmx",3002703,"protein homolog model",100,"Corynebacterium striatum","phenicol antibiotic","major facilitator superfamily (MFS) antibiotic efflux pump",1176,192,730.57852869886,343310.47754922,"antibiotic efflux","NO PGE","18/08/2022",14,16.61421266
"AB985","sta",3004699,"protein homolog model",73.68,"Streptomyces lavendulae","nucleoside antibiotic","streptothricin acetyltransferase (SAT)",570,6,47.1030893503212,22134.4913156734,"antibiotic inactivation","NO PGE","18/08/2022",14,16.61421266
"AB985","vanS gene in vanO cluster",3002941,"protein homolog model",80.44,"Rhodococcus hoagii","glycopeptide antibiotic","vanS; glycopeptide resistance gene cluster",1038,24,103.463433255041,48619.1138725773,"antibiotic target alteration","NO PGE","18/08/2022",14,16.61421266
"AB985","Erm(51)",3007033,"protein homolog model",100,"Rhodococcus hoagii","macrolide antibiotic; lincosamide antibiotic; streptogramin antibiotic; streptogramin B antibiotic","Erm 23S ribosomal RNA methyltransferase",792,72,406.799408025501,191161.515908088,"antibiotic target alteration","NO PGE","18/08/2022",14,16.61421266
"AB985","HelR",3007208,"protein homolog model",96.13,"Streptomyces venezuelae","rifamycin antibiotic","helicase-like RNA polymerase protection protein",2169,184,379.60442685275,178382.161455957,"antibiotic target protection","NO PGE","18/08/2022",14,16.61421266
"AB986","rphA",3000444,"protein homolog model",87.53,"Streptomyces sp.","rifamycin antibiotic","rifampin phosphotransferase",2598,75,140.895497516429,45146.4669706162,"antibiotic inactivation","NO PGE","30/08/2022",15,11.76097653
"AB986","ANT(6)-Ib",3002629,"protein homolog model",88.46,"Campylobacter fetus","aminoglycoside antibiotic","ANT(6)",858,14,79.6371567314308,25517.7513077739,"antibiotic inactivation","NO PGE","30/08/2022",15,11.76097653
"AB986","novA",3002522,"protein homolog model",78.57,"Streptomyces niveus","aminocoumarin antibiotic","ATP-binding cassette (ABC) antibiotic efflux pump",1848,180,475.385068243745,152325.352194365,"antibiotic efflux","NO PGE","30/08/2022",15,11.76097653
"AB986","mel",3000616,"protein homolog model",81.28,"Streptococcus pyogenes","macrolide antibiotic; streptogramin antibiotic","msr-type ABC-F protein",1218,30,120.212316107614,38519.0545778853,"antibiotic target protection","NO PGE","30/08/2022",15,11.76097653
"AB986","cmx",3002703,"protein homolog model",100,"Corynebacterium striatum","phenicol antibiotic","major facilitator superfamily (MFS) antibiotic efflux pump",1176,206,854.938543365338,273943.847676532,"antibiotic efflux","NO PGE","30/08/2022",15,11.76097653
"AB986","LnuP",3004601,"protein homolog model",70.86,"Clostridium perfringens","lincosamide antibiotic","lincosamide nucleotidyltransferase (LNU)",501,13,126.642835212771,40579.5549026105,"antibiotic inactivation","NO PGE","30/08/2022",15,11.76097653
"AB986","optrA",3003746,"protein homolog model",88.57,"Enterococcus faecalis","oxazolidinone antibiotic; phenicol antibiotic","Miscellaneous ABC-F subfamily ATP-binding cassette ribosomal protection proteins",1968,37,91.7596246223868,29402.0954201724,"antibiotic target protection","NO PGE","30/08/2022",15,11.76097653
"AB986","abcA",3003942,"protein homolog model",75.71,"Aspergillus fumigatus","cephalosporin; penicillin beta-lactam; peptide antibiotic","ATP-binding cassette (ABC) antibiotic efflux pump",4359,118,132.120478093222,42334.729679223,"antibiotic efflux","NO PGE","30/08/2022",15,11.76097653
"AB986","vga(E) Staphylococcus cohnii",3004715,"protein homolog model",79.87,"Staphylococcus cohnii","lincosamide antibiotic; streptogramin antibiotic; streptogramin A antibiotic; pleuromutilin antibiotic","vga-type ABC-F protein",1575,19,58.8773210447068,18865.7769532576,"antibiotic target protection","NO PGE","30/08/2022",15,11.76097653
"AB986","mphO",3004543,"protein homolog model",87,"Brachybacterium paraconglomeratum","macrolide antibiotic","macrolide phosphotransferase (MPH)",954,44,225.101972216605,72128.3428699521,"antibiotic inactivation","NO PGE","30/08/2022",15,11.76097653
"AB986","salB",3007026,"protein homolog model",73.43,"Mammaliicoccus lentus","lincosamide antibiotic; streptogramin antibiotic; streptogramin A antibiotic; pleuromutilin antibiotic","sal-type ABC-F protein",1626,15,45.0241700550656,14426.878375112,"antibiotic target protection","NO PGE","30/08/2022",15,11.76097653
"AB986","Erm(51)",3007033,"protein homolog model",100,"Rhodococcus hoagii","macrolide antibiotic; lincosamide antibiotic; streptogramin antibiotic; streptogramin B antibiotic","Erm 23S ribosomal RNA methyltransferase",792,44,271.145557442729,86881.8675478968,"antibiotic target alteration","NO PGE","30/08/2022",15,11.76097653
"AB986","HelR",3007208,"protein homolog model",95.07,"Streptomyces venezuelae","rifamycin antibiotic","helicase-like RNA polymerase protection protein",2169,154,346.526272582408,111035.747737561,"antibiotic target protection","NO PGE","30/08/2022",15,11.76097653
"AB986","FosXCC",3003208,"protein homolog model",99.53,"Campylobacter coli","phosphonic acid antibiotic","fosfomycin thiol transferase",426,8,91.6548363186688,29368.5186077398,"antibiotic inactivation","NO PGE","30/08/2022",15,11.76097653
"AB986","erm(56)",3007654,"protein homolog model",74.41,"Trueperella pyogenes","macrolide antibiotic; lincosamide antibiotic; streptogramin antibiotic; streptogramin B antibiotic","Erm 23S ribosomal RNA methyltransferase",801,10,60.9315859421862,19524.0151793027,"antibiotic target alteration","NO PGE","30/08/2022",15,11.76097653
